menhera	貴方は、何故生きていますか？私は、何故生きていますか？
menhera	毎日毎日、嫌なことばかりだと、考えちゃう。この先、生きていても、良いことなんてあるのかなって。
menhera	新しい年になって、世の中何か変わるかな。私は少しでも、変われるかな。
menhera	そう遠くない未来に死ぬ気がする。何故か知らないけど、そんな気がする。
menhera	書く予定は少ないけど、スケジュール帳を新しくしてみる。来年は、良い年になるかな。 
menhera	どんなに大好きな物や人でも、大嫌いな人が好きだと言うと、途端にそれが嫌いになりそうになる。
menhera	人肌が恋しい季節。暖かさに触れていたい。
menhera	今年も独りでこの季節を迎える。たまには、誰かと過ごしたい。
menhera	死ぬってなんだろうって、時々考える。
menhera	手に入れたものは、いずれ失うことになる。
menhera	男の言うことは、大体信用できない。
menhera	結局、何もしないで１年が終わる気がする。
menhera	何をしても楽しくない、楽しみがない。全てが惰性、夢も希望もありません。
menhera	頑張って作っても、結局は最後に崩れる。雪だるまみたいだね。
menhera	誰を信用したら良いのか分からなくなって、結局誰も信用できずにいる。
menhera	言ったって理解してくれないと思うから、何も言わずに我慢することしかできない。
menhera	元気な子を演じるのは疲れる。私が笑顔でいたら、みんな幸せ？私が我慢してたら、みんな幸せですか？
menhera	いつもあと一歩届かない。私が弱いからなのか、運が悪いからなのか。もう、何かに期待するのはやめようかな。
menhera	学校の勉強なんて、何の役に立つのか。たぶん、勉強の内容なんかに意味はなくて、勉強すること自体に、意味があったんだろう。私はそれでも勉強が嫌いだ。
menhera	いじめっ子にやり返したとき、どうして私を叱るの？今まで私を無視し続けてきたくせに・・・。
menhera	この手を引っ張って、あなたのポケットに入れて。
menhera	私も誕生日を祝って貰いたかった。
menhera	結局何もせずに一日が終わった。毎日こんなふうに過ごしたい。
menhera	身体が傷付くと血が出るけど、心が傷付くと涙が出る。
menhera	あなたに触れているだけで安眠できる。
menhera	どうしたらポジティブになれますか？
menhera	ある日、死にたくなって薬を大量に飲んだ。死ぬ確率は低いと分かってても、その方法を選んだのは、まだ私の深層心理に生きたいって気持ちがあったのかな。
menhera	何かを我慢すれば我慢するほど、それが耐え切れなくなった時の反動が大きい。気が付けば、今日も無意識に、無理に生きていた。
menhera	人は生きてる人間には冷たいけど、死んだ人間には同情してくれる。私も死んだら優しくして貰えますか？
menhera	例え、身体だけが目当てだったとしても、私を必要としてくれるだけで、少しだけど気持ちが満たされる。
menhera	どんなに身体を傷付けたって、結局は心が一番痛いです。
menhera	世の中、見えない方が幸せなことは多い。
menhera	あなたの声を聞くだけで安心するの。
menhera	どんなに慎重に作っても、すぐに壊れる。人間関係って、そんなもの。
menhera	どんなに洗っても私の汚れは落ちない。
menhera	紅葉の色って好き。
menhera	リアルを忘れて、ずっとゲームやってたい。
menhera	Twitterで『別れました』と検索すると、幸せな気持ちになれる。
menhera	愛に形はないはずなのに、どうしても形あるものを求めてしまう。
menhera	喉の渇きは癒せても、心の乾きは癒せません。
menhera	自分がいなくなっても、きっと誰も気付きやしない。
menhera	悲しい時は、悲しい曲を聞いた方が、気持ちは落ち着くんだよ。
menhera	何も食べる気が起きないこともあれば、どんなにお腹がいっぱいでも、食べ続けてしまうこともある。
menhera	世界はこんなに賑やかなのに、どうしてこんなに孤独を感じるんだろう。
menhera	最近、何をやっても楽しくない。だから何もしたくなくなる。
menhera	何も考えられなくて、気が狂いそう。
menhera	些細なことで一喜一憂するのに疲れました。
menhera	今まで生きてきた記憶を、髪を切るようにバッサリ捨ててしまいたい。
menhera	天国でも地獄でも、きっとここよりは快適なはず。
menhera	嫌いな人を呪い殺せたら良いのに・・・。
menhera	不幸はいつだって、私のそばにいる。
menhera	気が付けば、死ぬことを考える。
menhera	なんでそんなに気味悪そうに見るの？全部君がつけた傷だよ？見えるようにしただけだよ？
menhera	誰にも何も言われずに大声で泣ける場所が欲しい。
menhera	幸せな夢を見た。このまま目が覚めなければ良いのに・・・。
menhera	また、離れていった人が増えた。 ｢ずっと一緒にいようね｣って言ってくれたのに。
menhera	幸せになりたい・・・。
menhera	『頑張ったね』それだけで私は、もっと頑張れるんです。
menhera	夜外を散歩するのが好き。一人になれる気がするから。
menhera	夢ならなんでも許される。起きれば全て消えてしまう。今までのことが全て夢だったらいいのに。
menhera	『好き』って言ったら、ダメですか？
menhera	子供の頃は魔法少女になれると思ってた。今は、魔女にもなれる気がする。
menhera	虚しい夜に空を見上げて、人間という存在の小ささを考える。
menhera	『おはよう』って目覚めた隣に、あなたは居なくて。
menhera	涙は流せば消えるように、辛いことも口に出したら消えればいいのに。
menhera	心が痛いから、他の痛みを求めてしまう。
menhera	愛されるより、愛したいけど。愛するより、愛されたいの。それであなたに、こう言ってほしいの。君だけだよって・・・。
menhera	毎朝、目が覚めるのが憂鬱で仕方がない。夜のまま、時間が止まってくれないかな。
menhera	死にたいと思いながら生きることは、悪いことですか？
menhera	人は誰だって仮面を被って生きている。その仮面の裏側を知るのが怖い。
menhera	さようならって言ったら、振り向いてくれる？
menhera	私は必要ですか？
menhera	その甘い誘惑に誘われて、まんまと引っかかるの、何度でも。
menhera	誰の一番にもなれないのなら、｢一番都合のいい人｣になるから、一番に頼ってほしいな。
menhera	裏切らないよね？親友だよね？
menhera	『甘えて良いよ』って言ったから甘えたのに、なんで突き放すの？
menhera	嫌われないように付き合っていたら、いつの間にか別れていた。なんでだろう？
menhera	今日も一人で悩んでる。
menhera	あなたの一番になれたらどんなに幸せかな。
menhera	どうせあたなも同じでしょ？
menhera	大丈夫？と聞かれて、大丈夫！と言う。そう聞かれたら、そう言うしかないよね。
menhera	水面に溶ける、私と月。朝日と共に消えてしまいたい。
menhera	都合の良い女を演じている、ただそれだけ。
menhera	降り注ぐ不幸を防げる傘があったら良いな。
menhera	海に沈んで消えてしまいたい。
menhera	性格の重い女は嫌われますか？
menhera	飲み込んだら、苦かった。吐き出したら、愛だった。
menhera	わたしに優しいあなたは大好き、みんなに優しいあなたは大嫌い。
menhera	死ぬときに、水に溶けてなくなるクラゲのように、消えてなくなりたい。
menhera	これは顔じゃない、鏡が見せてる化け物だ。
menhera	このままいっそ、ひとつになってしまえたらいいのに。私以外いらないでしょ？
menhera	1人は好き｡でも、独りは嫌い｡
menhera	戻りたい過去がない。あの頃が良かったなんて思える人が羨ましい。
menhera	幸せになるのが怖い、いつか裏切られる気がして。
menhera	私が死んだら、来てくれるの？ 
menhera	貴方もいつか離れてくんでしょう？
menhera	謝るくらいなら、一緒に死んでよ…。
menhera	もう期待なんてしない・・・。この台詞、何回目？
menhera	死ね勇気のない自分が大嫌い…。でも、どこかで生きたいって叫んでいるのは、貴方のことが大好きだから…。
menhera	過去は残酷。だって、胸がこんなにも苦しいもの。
menhera	あなたの100点は、どうやったら取れるんですか？
menhera	友達のように振る舞っていても、心の底から信用することができない。
menhera	あなたに私の気持ちがわかりますか？
menhera	あなた以外何もいらないの、だから私だけを見て。
menhera	今まで好きになった人達。ちょっとでも優しくされると、つい好きになってしまうのは、なぜなんだろう。
menhera	何もしないで一日が終わることがよくある。一日無駄にしちゃった、明日は頑張ろう。そう思っても、同じ失敗を何度も繰り返す。
menhera	消えていなくなってしまいたい。自分の存在を消せたら、どんなに楽だろうと、いつも思ってる。
menhera	手を繋いでいると安心する。だから、この手をずっと離さないで下さいね？
menhera	自分に自信がないから言えない。私を彼女にしてくれなんて・・・。あの人にはきっと、もっと素敵な人がいる。
menhera	自分のこれからの人生について、不安なことしかないけど、そう思ったところで、何をする事もできない。
menhera	「私らしくない」と貴方は言いました。でも、貴方に私の何がわかるの？
menhera	困っている人を見かけても、自分の心に余裕がないから、優しくしてあげることができない。人に優しくするって、心に余裕がないとできないんだ。
menhera	求められたら断れない、こんな性格を治したい・・・。
menhera	何があった訳でもないけど、涙がでる。どうしてなのか、自分でも理由が分からない。
menhera	今夜は、ゆっくりお風呂に入ろう。嫌なことを少しの間だけ、忘れられる。
menhera	『どうしたいの？』って、聞かないでください。自分でもどうしたら良いか分からないから困ってます。
menhera	お月様にウサギは居ますか？
menhera	暑すぎて何もやる気が起きない。私もプールで泳ぎたいな・・・。
menhera	切った痛みよりも、心のほうが痛い。
menhera	あなたに構って貰うには、どうしたら良いですか？
menhera	本を沢山読めば、見える世界が広がる。そう言われるけど、絶望しか見えてこない。世の中、知って後悔することは意外と多い。
menhera	最近、人肌が恋しい。人の暖かさに触れていたい。寂しさや、色んな欲求が爆発しそう。
menhera	いつになったら幸せになれるのかな。それとも、私は一生不幸のままかな。いつも後者のような気がしてならない。
menhera	待てど暮らせど、私の元に王子様が現れることは無い。
menhera	恋人がいたとしても、構って貰えなくて寂しくなることが多い。だったら、恋人がいなくたって一緒じゃん。
menhera	私の歩く先は、ずっと真っ暗な気がする。ここから、どう歩いて行けば良いですか？
menhera	どんなに頑張って努力しても、一度のミスで全てが水の泡になる。もう、何もやる気が起きなくなっちゃうよね。
menhera	鏡の中の自分に話しかける。あなたはどうして生きてるの？
menhera	だいたいお酒を飲むと、飲み過ぎて吐く。
menhera	最近、寝ても寝ても眠い。
menhera	どうしても踏み出せない一歩がある。人前に出る勇気が、私には無いです。
menhera	綺麗なものや幸せそうな人たちを見ると、ぶっ壊してしまいたくなる。
menhera	アイコン変えたり、タイムラインに投稿したりする暇はあるのに、私のメッセージには既読すら付けないんだね。
menhera	人間関係は、積み上げるのは大変だけど、些細な事であっという間に崩れるもの。人間って寂しい生き物だと思う。
menhera	何も考えられない、頭の中がゴチャゴチャ、気が狂うってそんな感じ。
menhera	自暴自棄になって、何もかも投げ出せたら、どんなに楽だろう。
menhera	自分がつらい時ほど、周りが楽しそうに見える。そんな周りに合わせるのは、もう疲れました。
menhera	みんな私の事を嫌いなのはわかってる。でも、自分が一番自分の事を嫌ってる。
menhera	自力で現状を何とかしようと頑張っても、たぶん、何も変わらない気がする。
menhera	私の存在を否定するような言葉は、もう聞きたくない。だれでも良いから、私のことを認めてよ・・・。
menhera	クラスメイトが自殺した。今まで仲が良かった訳でもない人が、得意気に自殺した子のことを話していた。吐き気がした。
menhera	歩く度に、私の心に深く突き刺さる。人生ってそんな感じ。
menhera	どんなに助けを求めても、結局は誰にも届かない気がした。
menhera	苦しい、怖い、辛い、助けて。言葉にできたら楽なんだろうな。
menhera	親にまで『死にたいなら死ねば？』って言われたら、私は、一体どうしたら良いの。
menhera	自分のことを支えてくれる人がいても、いつ捨てられるかって不安で仕方がない。
menhera	信じてもいつか裏切られることなんて、とっくの昔から分かってるのに。
menhera	自転車の後ろに乗せてもらえるような、そんな青春を過ごしてみたかった。
menhera	連絡がないと、嫌われたかな、って思っちゃう。でも、こっちから連絡したら、もっと嫌われちゃうかな、って思っちゃう。
menhera	私もこの人形のように、心臓をサクッとされて、楽になりたい。
menhera	首を絞められることに快感を感じる私は、変ですか？
menhera	あなたたちの勝手な都合を押し付けないで。私はなんでも言うことを聞く飼い犬じゃない。
menhera	君が離れていったら死んじゃうよ？
menhera	好きな人のストーカーになったら、ダメですか？
menhera	『死ね』って言うなら、殺して下さい。
menhera	眠れなくて、そのまま朝になることがある。 今日は一日寝てても良いかな。
menhera	この地獄を変えたのは恋の魔法だけど、それをまた一転させたのも、恋の魔法。
menhera	『愛を確かめる』って言うけど、信じていれば、確かめる必要もないんじゃない。
menhera	自分の人格が分からなくなる。本当の私って、どんなんだっけ。
menhera	自分が生きているかどうか分からなくなったとき、この手に本当に血が通ってるのか確かめてみたくなる。
menhera	『もっと大変な人は沢山いる』そう言われても、私が一番不幸な気がする。
menhera	嫌いな人に好かれるほど、迷惑な話はない。
menhera	誰かに自分の気持ちを知って貰いたいと思うけど、どうせ言ったらウザがられると思うと言えないし、例え言ったとしても、案の定嫌われて終わる。
menhera	また上の階の女が男を連れ込んでる
menhera	あなたの幸せ、私にもちょうだい。
menhera	私が飛び降りたら、誰か受け止めてくれますか？
menhera	自殺できる人生だって、できないよりはマシだろう。
menhera	私はあなたへのすきでいっぱいなのに、みんなはそれをメンヘラとかいうのかな。
menhera	「好き」と言ったら、「好き、じゃなくて、依存でしょ？」と言われた。泣きたくなった。
menhera	いつも独りぼっちで、隣に座ってくれる人なんて誰もいない。
menhera	『君とずっと一緒に居たい』そう言ってくれた人は、だいたいずっと一緒には居てくれない。
menhera	傘を差さずに雨に打たれるのは、意外と気分が良い。
menhera	ベッドにぬいぐるみを敷き詰める。一人分のスペースにしないと広さが寂しくて眠れない。
menhera	どれが本当の私か、もう分からなくなってきました。
menhera	「リスカ痛くないの？」「（心の傷より）痛くないよ」
menhera	「どうして出来ないんだ」じゃなくて、「頑張ったね」の一言をください。
menhera	死にたいじゃなくて、消えたい。
menhera	相手に飽きられるより、先に自分が飽きてしまうんじゃないかと不安になる。そう思うこともある。
menhera	腕から流れる血や傷痕を見て、落ち着いてしまう私はおかしいのでしょうか。
menhera	私のことを認めてくれる人、早く来ないかな。誰でも良いから、私の存在を認めて欲しい。
menhera	死にたいのか、生きたいのか。切るという行為は、死ぬ為というよりも、生きていることを実感する為。
menhera	何を言われてもボーっとしちゃって、抜け殻みたいで、何も考えられない。 そして、突発的な自殺衝動に駆られる。
menhera	自分の気持ちをどうやって相手に伝えて良いのか分からない。その結果、相手を傷付けてしまうとか、嫌われてしまうんじゃないかと考えると、もう何も言えない。
menhera	自分なりに精一杯頑張ってるんだよ。すぐに誰かと比較しないでよ…
menhera	リスカを止める彼氏じゃなくて、一緒にリスカしてくれる彼氏が欲しい。そして依存し合いたい。
menhera	結局人は見た目って、何を言われてもそう思ってしまう。
menhera	普通って何なのか、誰か教えて欲しい。
menhera	ゴミだから、何したって駄目、諦めが肝心。
menhera	後で辛くなる、悲しくなる、後悔する。分かっているけど、体が動かない。
menhera	矛盾した思考が廻り過ぎて、自分が二人いるんじゃないかという気がしてくる。
menhera	今日までありがとう。
menhera	誰かのことを嫌いになる度に、自分が不幸になっていく気がする。
menhera	楽な死に方を探していた。
menhera	一度落ち込むと、どこまでも沈む。このまま堕ちて、二度と浮かばなくても良いかな。
menhera	何もしてないのに疲れた。人生にも何だか疲れてきた気がする。
menhera	私の人生に明かりが灯る日は来るのかしら。
menhera	生まれたことが間違っていて、間違いを犯した自分に、毎日｢耐える｣という罰を与えられてるような感じ。
menhera	一瞬の痛みで死にたい。
menhera	会話はいつだって定型文のキャッチボール。
menhera	大事にしてくれてる人がいても、心ここにあらずな私がいる。
menhera	人それぞれ価値観は違うの。そんなに押し付けないでよ。
menhera	言わなきゃいけない「ありがとう」が言えなかった。最低。
menhera	幸せなんていつでも一瞬。
menhera	減っていく友達。増していく不信感。
menhera	すぐ泣く癖をやめたい。
menhera	命の炎を吹き消してしまいたい。
menhera	好きな人と死にたい。
menhera	ピタゴラスイッチのリズムで「めんっへらっしょうっじょ」って言うと楽しい。
menhera	心の傷を埋めるのは時間が掛かるの。
menhera	お風呂で涙を流すと、心が洗われる気がする。
menhera	不謹慎って言葉は嫌い。不謹慎って言葉はね、あらゆる思考を停止させる魔法の言葉。それ以上は言わない。
menhera	漫画でも映画でも音楽でも、自分の好きな人が好きなものは、良いなって思うことが多いけど、嫌いな人が好きなものは、嫌いだって思うことが多い。
menhera	人は死ぬ。でも、死は敗北ではない。
menhera	メンヘラにアドバイスは要らない。ただ、話を聞いてくれるだけで良い。貴方の意見は、あくまで貴方の意見。自分の中で答えを出さない限り、何も解決できない。
menhera	見捨てられること、忘れられること、それがこわい。
menhera	好き。でも、伝えれない……。だって、好きなんて言ったら、キミ、逃げて行くでしょ？
menhera	どうして誰の一番にもなれないんだろう…。
menhera	かまってちゃんって言われたっていい。だって誰かとつながってる時が一番幸せなんだもの。
menhera	布団に入るといつも思う。もう二度と目が覚めなければいいのに。
menhera	自分をコントロールできない。気が狂ってしまいそう。
menhera	大丈夫、まだ大丈夫。そうやって、今から目を背けてる。やれる、まだやれる。そうやって、痛みを隠す。痛い、しんどい、息苦しい。もう、限界。
menhera	死にたい？消えたい？よくわからない、どっちでもいいけど無になりたい。
menhera	幸せ自慢ってそんなに楽しい？
menhera	人なんて腐る程いるのに、なんで私はいつもこんなに一人で寂しいんだろう。
menhera	頑張り方、間違ってることくらいとっくに知ってる。
menhera	あなたの「好き」ってなに？
menhera	自分でポジティブにする方法がわかりません。
menhera	無理矢理笑ってるのに疲れてきました。無理矢理笑わせるのに疲れてきました。無理矢理会話を繋げようとするのに疲れてきました。何も言わなくてもただ側に居るだけじゃ駄目なんですか。見返りを求めてそれで何になるんですか。
menhera	人に必要とされたい、誰かの何かになりたい欲は消えない。
menhera	さっさと死にたいけど、死ねるだけの理由が見つからない。
menhera	寂しいなぁ。ねえ。あなたは？そんな事ないっか。
menhera	どんなに頑張っても、私は彼女にはなれない。
menhera	何を信じたらいいのかわからない。楽しみにしてたのは私だけなんだね。
menhera	繋がりたい・・・。素直に言ったら、嫌われるのかな・・・。
menhera	よく私のことを「変わった」と言う人がいるけど、そうじゃない。私を見る”目”が変わっただけだよ。
menhera	お前が偽物だよ、シネ。
menhera	私のことを大好きだ、愛してると言ってくれる貴方。でも、その気持ちはいつまで続くの？
menhera	ごめんなさい。どうして私はこんなにも精神的に弱いんだろう。誰にも迷惑を掛けずに死ねるなら、そうしてしまいたい。
menhera	私の人生は、いつの日からかジェットコースターのように下り始めた。
menhera	人と会うのが怖い。でも、人肌の暖かさに触れていたい。
menhera	頭の中で5分に1回は死にたいと思ってる。
menhera	お仕事で色々な国の写真を見ていると、私も海外に行ってみたくなる。
menhera	何の為に生きているのかと、今でも時々考えることがある。
menhera	最近、愛されたいという欲求が止まらない。誰か私を愛してくれませんか？
menhera	ゲームみたいに何回も死にたい
menhera	愛されたいと思う人がいないから、誰でもいいの。愛してくれるなら。
menhera	好きな人ができても、声をかけることもできないし、目を合わせることもできない。遠くから眺めているのがせいいっぱいです。
menhera	献血に行ったら、貧血になりました。
menhera	死にたい死にたいと言いながら、実際には死ぬ勇気もない自分がいる。結局、自分は何がしたいのだろう。
menhera	ダイエットしようと意気込んでも、結局はやけ食いで痩せません。
menhera	誰でも良いからぶん殴りたい気分。
menhera	暑くて夏バテ気味です。何か元気が出るものが食べたいです。
menhera	高校を卒業して、仕事をするようになって、色々大変なことや不安なこともあるけど、何とか生きています。
menhera	気が付いたら泣いていることがある。どうして涙が出るのか分からない。
menhera	人肌が恋しい。誰かに触れていたい。独りでいると得体の知れない不安に駆られる。
menhera	この世の中から消えて欲しいと思うくらい、嫌いな人がたくさんいる。
menhera	電車で楽しそうに喋る女子高生を見かける。私には無かった青春。羨ましい。
menhera	暑くて死にそうです。夏は嫌いです。
menhera	頭痛が酷すぎて薬を飲み続けないと何もできない。
menhera	朝から嫌な出来事しかない。不思議なことに、不幸なことは連鎖するものだ。
menhera	頭がボーっとして、何もする気が起きない。無気力で、時間だけが過ぎて行く。こんな気分の時は、どうしたら良いですか？
menhera	風邪を引いて頭が割れそうに痛い。鼻水も止まらないし、喉も痛い。そして何より、機嫌が悪い。
menhera	頭が痛いのは、いつものことです。
menhera	理由なんてないけど、時々死にたくなるんだ。
menhera	強がってはいるけど、心の中はいつも不安です。でも、強がっていないと、何もできなくなってしまいそうです。
menhera	頭がボーっとして、何もする気が起きない。無気力で、時間だけが過ぎて行く。こんな気持の時は、どうしたら良いですか？
menhera	イライラして、過食して、吐いて・・・。そんなことの繰り返しで、もう身も心もボロボロです。
menhera	自分にできることでお金を稼ごうとするのは悪いことですか？
menhera	今でも死にたいと思うことがあります。時々、人生に疲れた気がしてきます。
menhera	殴りたくなるくらい嫌な女っているよね。
menhera	人の不幸を見ると、ちょっと幸せな気分になる。こんな自分が嫌いです。
menhera	あぁ、私って生きていたんだ。手首から流れる血を見てそう思う。
menhera	幸せそうな家族を見ると、何故か涙が出そうになります。
menhera	最近、家庭菜園で野菜を育て始めました。ちゃんと育ってくれると良いな・・・。
menhera	私も人間だから、お金を稼がないと生きていけないよ。
menhera	初めてスカイツリーに登った。人間がとても小さく見える。でも、そんな小さな人間が、こんなに高い建物を建てたんだ。明日も頑張ろうと思えた。
menhera	体力が有り余っていても、精神的に落ち込んでいると何もする気になりません。
menhera	好きだと思っているのは、私だけですか・・・？
menhera	カップルでオフ会に参加する人は何を考えているの？
menhera	人生に降参したい気分です。
menhera	願うだけじゃ幸せになれないことはわかっている。それでも、願い続ける人間はとっても哀れに見える。私自身も含めて。
menhera	毎日好きで埋め尽くした手紙を書いている。でもあなたに渡せなくて、昨日机の引き出しが壊れました。
menhera	『好き』って感情がわからない。でも、それを拒絶されたら、きっと耐えられない。だから、このままでいい。
menhera	幸せになりたいと思うのは、欲張りでしょうか。
menhera	最近、太っちゃった・・・。
menhera	昔に撮った幸せそうな家族写真を見つけた。今はもう、この幸せそうな家族には戻れない。
menhera	最近、ちょっとしたことでもイライラして仕方がない。大好きな音楽でさえ、雑音に聴こえてくる。世の中の全ての物が憎く思えてくる。
menhera	他人の幸せを見て幸せになれるほど、素敵な人になりたいな。
menhera	泣いてもいいんだよと言ってくれた。けれど、わたしが泣いたら、面倒で放り出してしまったあなた。それなら、はじめから優しくしないで。
menhera	誰もが羨むような幸せを手に入れたいわけじゃない。ごく普通の人生を送りたいだけなのに、どうしてそれすら叶わないの・・・。
menhera	夢か現実か分からない夢を見ることがある。このまま夢の中に引き篭もっていたい。
menhera	安心して付いて行ける人に出会いたい。不安になったり、ストレスを溜めるのはもう嫌だ。
menhera	好きな人を他人に奪われる。私の恋を邪魔しないで。
menhera	少女漫画のような恋がしてみたい。私も普通の女の子のような恋愛がしてみたかった。
menhera	泣きながら家に帰る。きっと、周りに変な人だと思われている。漫画だと、ここで同級生の男の子が声かけてくれるハズなんだけどな。
menhera	人生の意義を調べている。答えはどこにも載っていない。
menhera	貴方と私の間には、大きな壁を感じる。この人とは、きっと仲良くなれない。そう感じてしまう人が多くて困る。
menhera	真っ直ぐ前を向いて歩きたい。もう、人生にブレたくない。
menhera	私がいるのに、何が不満なの？私がいれば、寂しくないでしょう？
menhera	あと一歩を踏み出せば楽になれるのかしら。 
menhera	私なりに努力はしている。でも、どうしても上手くできない。分かっていても陰口を叩かれるのは辛い。
menhera	自分の顔が本当に嫌い。人に見られるのが怖い。
menhera	自分の生きている理由、価値が分からないと嘆く人は多い。けれど、生きた理由なんて、きっと死ぬ時にしか分からない。価値のある人生だったか、理由のある人生だったか。それを決めるのは、貴方次第だと思うの。
menhera	いつだって別れは悲しい。今までの思い出を全部思い出す。今までありがとう。ごめんね・・・。
menhera	『ずっと一緒だよ、愛してる』そう言ってくれた人は、皆私から離れていった。愛してるなんて、所詮その程度のものなんだ。最初から愛してるなんて、言わないでよ。
menhera	天国は素敵な場所ですか・・・？
menhera	不幸はいつも私にだけ降り注ぐ。誰か私にも、傘を分けて下さい。
menhera	早く春が来ないかな・・・。
menhera	汚れた私の心を洗い流してくれる存在が欲しい。
menhera	本当は寂しくて、誰かに話しを聞いて欲しい。でも、どうせ理解して貰えないと思うと、何も言えない。イライラしても、悩んでも、全部自分で抱えちゃう。
menhera	私には独りぼっちが似合うのかもしれない。誰かと仲良くしようと思っても、いつも上手くいかない。それなら、最初から独りぼっちで居た方が楽かな。
menhera	朝起きるのが辛い。一歩もベッドから動きたくない。何も考えたくないし、考えられない。
menhera	何もかもやる気がおきない。趣味や遊びでさえ、やろうと思えない。ずっと眠っていたいです。
menhera	綺麗な花を見ていると、気持ちが落ち着く気がする。私の心にも、こんなに綺麗な花が咲いたら良いのにな。誰か私の心に、水と栄養をください。
menhera	高いところから下を見下ろしてるとね、ここから飛び降りたらどうなるんだろうって、つい考えちゃうの。
menhera	嫌なことから全部逃げ出したい。それが悪いことなのは分かってる。でも・・・、どうすることも出来ない。誰も私を助けてくれない、助けられない。
menhera	眠れない、実は眠りたくない。誰かに構って欲しくて、眠りたくない。朝になるのが怖くて、眠りたくない。
menhera	抱きしめて欲しい、寂しい。ずっと私を抱きしめていて下さい。一瞬でも手を離さないで欲しい。このままずっと・・・。
menhera	パンくずの代わりに薬を撒いて。私の生きてきた道を忘れないように。
menhera	夜空を泳ぐ夢。青い魚、黄色い月、深い闇。このままずっと夢の中にいたい。
menhera	たくさんの涙を抱えて、私は沈む。この重りに開放されるのは、いつになるのかな。それとも、このまま溺れ死ぬのかな。
menhera	自分の顔なんて見たくない。もっと可愛く生まれれば良かったのに。アンタなんか、生まれてこなければ良かったのに。
menhera	親の喧嘩を見るのが辛い。自分の存在が否定されている気がする。私は要らない子ですか？
menhera	道行く人がみんな私を見ている。みんな私を見て笑っている。人の目が怖い・・・。
menhera	教室の窓から夕日を見る。それが密かな楽しみでした。
menhera	時々ね、恋に生きてみたくなる。そろそろ、バレンタインだね。
menhera	メール読んでくれた？返事がないから、会いに来ちゃったよ。ねぇ、いるんでしょう・・・？
menhera	いっそ絞め殺してくれないかな。そしたら、どんなに楽なことか・・・。
menhera	幼稚園の頃、私にも遊んでくれるお友達がいた。いつからだろう、私は独りぼっちになった。ずっと子供のままで居たかったかもしれない。
menhera	私と手を繋いで歩いてくれますか？
menhera	私は生きていても良い存在なのか。時々考えることがある。私なんていない方が・・・。
menhera	雨の日に、傘を差さずに外に出る。私の汚れた心を洗い流して貰う。少しだけど、気持ちがすっきりする。
menhera	なるべく知らない人と喋りたくない。物言わぬ人形のように生きていきたい。どうか私をそっとしておいて下さい。
menhera	誰かに抱きしめて欲しい。抱きしめられる安心感が欲しい。この寂しさを紛らわせて欲しい。
menhera	いつも楽しそうにしているあの子が羨ましい。私ももっと明るくて可愛かったら、今とは違っていたのかな。
menhera	私の愛はいつも重すぎるみたい。みんな私から逃げていっちゃう・・・。
menhera	ツインテールが似合う子が羨ましい。
menhera	私のこと・・・、好きですか・・・？
menhera	本当の孤独は独りぼっちでいることじゃないの。周りに人がたくさんいるのに、誰も私を見ていない。そんな状況が一番孤独を感じる。
menhera	何もかもがどうでも良くなる時がある。やらなければいけないこととか、全てを投げ出す。周りに迷惑を掛けた挙句、私は悪くないと開き直る。メンヘラなんて、そんな面倒臭い存在だよ。
menhera	誰かに構って欲しい時に限って、誰も構ってくれない。寂しくって、不安で、誰かの声を聞いていたい・・・。
menhera	変われない自分が嫌い。意志の弱い自分が嫌い。誰か、私の背中を押してください。
menhera	ずっとコタツで寝ていたい。そんな生き方ができたら、幸せかもしれない。
menhera	自分の進むべき道が分からなくなることがある。この道の先には、どんな結果が待っているのかな。
menhera	心配してくれるのは嬉しいけど、放っておいて欲しい時だってあるの。ごめんなさい・・・。
menhera	誰かを傷付けてしまったあとの罪悪感と後悔。相手の気持ちに気付く頃には、いつも手遅れ。みんな私が悪いの・・・、みんな私が・・・。
menhera	感情のコントロールができない。悲しいこと、辛いこと、悔しいこと。そんなことがあると、とにかく涙が止まらない。
menhera	本気で喧嘩ができる人がいるって、実は凄く幸せなことなんだ。私にはそんな人はいない・・・。
menhera	死にたいという気持ちが海のように広がる。この海は、そのうち私を溺れさせるのだろうか。
menhera	私の気持ちの中で笑っている人がいる。あの人はいつも楽しそうに見える。不幸で惨めな私とは違って、幸せそうに笑う彼女。あれは私の願望なのか、それとも・・・。
menhera	私の事、ずっと好きでいてくれますか？
menhera	人生ってブランコみたい。上りもあれば下りもある。でも、私のブランコは下りが多い気がする。
menhera	あなたには、本当に頼れる人はいますか？
menhera	クリスマス、今年も独りぼっちかな。いつも通りだけど、いつもより寂しい。私も誰かと遊びたい。
menhera	死ぬは一時の苦、生きるは一生の苦。
menhera	クリスマスか・・・。関係ないな。
menhera	また誰かが私の悪口を言っている気がする。そんなに私が嫌いなら、無視してくれれば良いのに。人間って不思議な生き物ね。
menhera	手首を切ることをとめないでください。私にとって、これは必要なことなの。あなたが息を吸うのと同じくらいに。
menhera	誰かと一緒にいたい、寂しい。そう思うのと同じくらい、一人でいる時間が好き。
menhera	気が着いたら知らない場所にいたり、つい数分前まで自分が何をしていたのか思い出せない。時々、私ではない誰かが私の中にいる感覚がする。
menhera	気付いたら身も心もボロボロになっている。もうどうにでもなってしまえば良いと思う。
menhera	「早く死んでしまいたい」とは思っていても、心の何処かに「死にたくたい」という気持ちがある。出口のない迷路に閉じ込められているかのよう。どうしたら良いのか、わかりません。
menhera	もう弱音を吐かないと決めたのに・・・。何度もそう決めて、何度も弱音を吐く。どうしたら強い人間になれるのかな・・・。
menhera	いつも学校に行く時間になると体調が悪くなる。みんな私をゴミを見るような目で見てくる。あんなところ、行きたくない・・・。
menhera	幸せそうな人を見ると、自分がより一層不幸な人間に思えてくる。他人の幸せが妬ましくて仕方がない。どうして私は不幸なの・・・？
menhera	ネットで楽な死に方について調べていると、気付けば自殺はいけないという記事を読んでる。私は何がしたいんだろう。
menhera	こんな人生、早く終わってしまえば良いのに。そう思っても、自分で死ぬ覚悟はない。誰か殺してくれないかな・・・。
menhera	独りでいるのが寂しい。不安で仕方が無くなる。誰かと喋っていたい。
menhera	まだかなぁ・・・、まだかなぁ・・・。ねぇ・・・、何してるの？誰といるの？私はずっと待っているよ。
menhera	腕に残る傷痕を見て、むかしを思い出したりする。またあの頃に戻ってしまったらどうしよう。そんな不安が心の隅で燻っている。
menhera	生きている意味を考え始める。私がいなくなったところで、誰が悲しむのだろう。大体こういう思考の時は、何をやってもだめ。
menhera	どんなに励ましの言葉を貰っても、気持ちは落ち込んだまま。こんなとき、どうしたら良いのかな。
menhera	私は誰にも必要とされていない。私がいなくなっても、きっと誰も悲しまない。生きている意味、あるのでしょうか。
menhera	気が付いたら病院のベッドにいた。何をしたかは、覚えていない。前にもこんなことがあった気がする。
menhera	あなたはいつまで私の傍にいてくれるの？
menhera	何も知らないくせに、知ったようなことを言われるのが一番腹が立つ。
menhera	どうして手首を切るかって？きっと健常者には理解できない。理由があるときもあれば、そうでないときもある。
menhera	いつもより、ほんの少し薬を多めに飲む。何もかも忘れてしまいたい。
menhera	昔のことを思い出すと、涙が止まらなくなることがある。
menhera	どうして私はこんなにも運が悪いのだろう。神様に嫌われているのかしら。
menhera	「死ぬ勇気があれば何でもできるでしょ？」と言う人は多いけど、それならどうして自殺する人は後を絶たないのかしら。
menhera	誰かを殺してやりたいと思ったこと、ある？
menhera	夜中に散歩をするのは変ですか？
menhera	友愛の多くは見せかけ。
menhera	話の種になるより悪いことが一つだけある。話の種にもならないことだ。
menhera	自分以外が幸せに見える。
menhera	頭痛い、泣きたい、切りたい、学校行きたくない、死にたい。
menhera	我々は幸福になるためよりも、幸福だと人に思わせるために四苦八苦しているのである。
menhera	とりあえず生きればいいんですか？
menhera	願い事をするのはやめてはだめ。叶えられるとこはないと思うけど。
menhera	人が私に同意するときは、いつでも自分が間違ってる気がしてならない。
menhera	彼がいれば友達はいらない。
menhera	結局の所、人々が愛するのは自分自身の欲望であって欲望の対象ではない。
menhera	幸福は夢に過ぎず、苦労は現実である。
menhera	一番不幸なことは、嫌いな人に好かれること。
menhera	失うことに慣れれば、死ぬのも怖くなくなる。
menhera	自分がこうなったのは、環境が悪いからだと、文句ばかり言う人がいる。
menhera	不幸は単独ではやってこない。
menhera	愛せなければ通り過ぎよ。
menhera	手首を切るのも、クスリを飲むのも、全部あなたへの愛情表現。
menhera	私はあなたのものでしょ？
menhera	私が死んでも、代わりはいるもの。
menhera	生きることの意味を考えるのは、人間だけ。
menhera	気が付いたら、昨日出会ったばかりの男と寝ている。
menhera	もっと美しく生まれたかった。もしくは生まれたくなかった。
menhera	皆を喜ばそうとしてごらんなさい。誰も喜ばせることはできないでしょう。
menhera	人間は自分が考えているほど、不幸でもないし、それほど幸福でもない。
menhera	世間は狭いだって？ならば何故こんなにも孤独なの？
menhera	さらに良くしようとして、良いものを駄目にしてしまう。
menhera	ごめんなさい。涙は勝手に出るの。
menhera	愛されなかったということは、生きなかったことと同義である。
menhera	孤独を感じて仕方がない。誰か構って下さい。
menhera	もし、君を傷付ける様な男が現れたら、僕がこっそり殺してあげる。
menhera	君からのメールを何度も読み返してる。
menhera	痛いね、苦しいね、だから愛しあげる。違う、僕はその哀じゃなくて愛が欲しい。
menhera	誰でもいいから、少しでもいいから、僕を愛して・・・。
menhera	君の女友達にさえ嫉妬する僕はおかしいですか？
menhera	もっと僕と堕ちていこうよ！
menhera	なんで僕だけを見てくれないの？
menhera	どこかで人生に躓いた。
menhera	太陽の下に出るのは苦手。
menhera	風邪を引いても良いから、このまま雨に打たれていたい。
menhera	『目つきが怖い、気持ち悪い』と、良く言われる。
menhera	あの子が可愛い・・・
menhera	手が短くて壁ドンができない。
menhera	君もこっちにおいでよ。
menhera	誰かに声を掛けたいと思っても、遠くから見ているのが精一杯。
menhera	ねぇ、次はどこに遊びに行こうか！
menhera	仲良くなっても、割とすぐに興味がなくなる。
menhera	自分はメンヘラでも、メンヘラに付き纏われるのは嫌だ。
menhera	ニコ生で知り合った友達は、だいたいメンヘラ。
menhera	嫌なことがあると、だいたいヤケ酒して寝る。
menhera	寂しくなって、ネットで知り合った人とのオフ会に行く。自分が独りだって思うことに耐えられないから。
menhera	『誰か、寝落ち通話できる人募集！』
menhera	こんな男子は嫌いですか？
menhera	何か言いたそう。でも、何も言ってくれない。僕は嫌われちゃったのかな。こんな僕でごめんね。
menhera	同性の友達よりも、異性の友達と話している方が落ち着く。というか、同姓と喋ることは苦手かもしれない。
menhera	彼女に何度も電話を掛け続けてしまう。迷惑だと分かっていても、それ以上に寂しくて、他の男と一緒にいるんじゃないかって不安になる。
menhera	常に誰かと繋がっていないと、自分だけが孤独で惨めな存在なんじゃないかと思えてくる。
menhera	夜になると寂しくなって、無意識のうちに通話相手を探す。誰かと喋っていないと眠れない。
menhera	大事にしてくれないのなら、いっそのこと殺して。
menhera	あなたが過去に付き合った女の子も好きになった女の子もみんなみんな生まれなければ良かったのに、って思ってる。
menhera	こんなに面倒くさくて気持ち悪くて性格が悪くて人にも好かれない私だけど、どうか嫌わないでください。愛してください。
menhera	遠距離恋愛は会いたい時に会えないし、いつも寂しくて辛いの。でも距離が近くても気持ちが離れていたらなんの意味もないんだよ。
menhera	あなた以外の人から愛されなくても構わない。
menhera	わざわざ見にいって不安になって病むくらいなら見なければ良いって？そんな簡単な問題じゃないんだよ。
menhera	ちっちゃい事で嫉妬してあなたに嫌われるのが怖くて言えなくて、でもモヤモヤは収まんなくて八つ当たりみたいな事しちゃって、結局面倒くさい女になっちゃう。
menhera	正面きって文句言えないなら最初から我慢した方が良い
menhera	嫉妬ばかりする人は自分に自信がないから嫉妬するんだと思う。私も自分より可愛い子があなたに近付いたら嫉妬するし、だけど自分より下に見てる女があなたに近付くのにも不愉快になるのは何故なんだろう。
menhera	関係ないよ。彼氏が居ようが居まいが、あなたの周りにいる女の子はみんなみんな消えてよ
menhera	遠距離でも近距離でも同棲でも結婚してもきっと悩みは尽きないんだなーって思うと全部放り出した方が楽な気もするんだけどあなたとの未来が欲しい。あなたと居ない私じゃダメなの。あなたが居ない人生なんて考えられない。
menhera	あなたは醜いっていうかもしれないけれど私はあなたの顔も形も綺麗だと思うし弱い所も全部愛したいって思うのです。
menhera	世界で一番自分が嫌い。
menhera	あなたの手で飼い慣らして役に立たなくなったらすてるならばいっそのことその手で殺して。
menhera	私以外の素敵な人と恋をして結婚して幸せになってね、なんて死んでも言いたくない。
menhera	我慢で成り立つ関係は我慢の限界で壊れるのです。
menhera	あなたの明日に私は居ますか？あなたの明後日に私は居ますか？あなたの明明後日に私は居ますか？あなたの一週間後に、一ヶ月後に、一年後に、十年後に、あなたが一生を終える時に私はあなたの傍に居ますか？
menhera	愛してくれないあなたなんてもう知らない。そう思って離れると追い掛けてくるの、どうして。
menhera	他の女の子に目移りしないって信じているけど他の女の子にベタベタされてるのが堪らなく不愉快なんだよ
menhera	私以外の女の子の声も聞かないでほしいし、顔も見ないでほしい。
menhera	愛されてないの、分かってる。利用するだけね。
menhera	気分落ちてる時に他人の幸せを笑って祝福できない自分が嫌い。
menhera	誰もいないところへ1人で行きたい。
menhera	愛してくれないなら殺して。
menhera	私のことなんて愛してないんでしょう？
menhera	些細な事が引っ掛かってあなたと笑って素直に話せない自分を何度も何度も刺し殺したい
menhera	私が泣いてる事をあなたは知らない。
menhera	何で私が一番じゃないの？何で一番に大切にしてくれないの？何で？どうして？
menhera	男としての余裕とか大人な態度とか要らないから理性が吹っ飛ぶくらいに愛してください。
menhera	幸せになりたいです。あなたと。
menhera	あなたに愛されてるのを感じるけど、同時にあなたの愛はたくさんの人やものに注がれてるって知って劣等感や嫉妬が渦巻いて私の心はどんどん荒んで汚れていくのです。
menhera	私に利用価値ができたら大事にしてくれますか？愛してくれますか？
menhera	私だけを愛してくれないのなら殺してください。
menhera	自分で突き放しておいたくせに居なくなったら寂しくて涙が出るの。
menhera	私にはメンヘラの定義や境界線は分からないけど、あなたを想うとき心臓の奥が苦しくなるのもあなたへの愛が嵩みすぎて苦しくなるのも大切にしたい感情なんです。
menhera	あなたのためにどこまで堕ちれば良いの？
menhera	もっと私が尽くせば愛してくれるんだね。
menhera	あなたからの連絡一つで世界が変わるんです。
menhera	めりーくりすます。
menhera	幸せな人は人の幸せを願えるからそれが自分にも返ってきてもっともっと幸せになれる。だから幸せになりたければ人のことを一番に思おう、と決めたクリスマスイヴ。
menhera	彼女だから我慢しなきゃいけないことリストの中にクリスマスイヴに会えないことが入ってるのなら我慢しなきゃいけないね。八つ当たりしちゃいけないね。
menhera	今頃あなたは他の女の子にプレゼントを渡して聖なる夜を満喫しているのでしょうか？
menhera	手を繋げなくても良い。抱き締めてくれなくても良い。キスしてくれなくても良い。ただ隣に居てくれたらそれで幸せ。
menhera	あなたと目が合わせられないのでこっそりと見ていられるあなたの後ろ姿ばかり思い出すの
normal	お友達と海に遊びに来た！普段着ないような水着で恥ずかしいっ///
normal	サンタモニカに着いたけど、車酔いで気持ち悪い・・・。
normal	車酔いしちゃった・・・。
normal	旅行に行く日に寝坊しちゃった・・・。メアリーちゃん怒ってる〜。ごめんなさい！
normal	楽しみで前の日に眠れなくって、旅行の日に寝坊しちゃった！！急いで出かけないと・・・！
normal	みんなと旅行へ行くのが楽しみ！楽しみで、なかなか眠れないよ！
normal	わたし、もっと語学を勉強して、色んな人とお話してみたい！がんばろう！
normal	海外では、間違えることを気にせず、授業中にたくさん発言するよ！日本だと、発言するのにもちょっと緊張しちゃうよね。
normal	海外に行って、みんなに・・・。『痩せすぎ！大丈夫？』って言われて、沢山食べてた。日本に帰ってきたら、ただのデブになってました。
normal	日本人でも、着物を着る機会は今じゃ少ない。聞かれても、あまり詳しくないなぁ。
normal	フレンドリーな教授だと、最初の授業でファーストネームで呼んで！って言ってくれるよ！親しみやすいね！
normal	外国のお友達にスケボーを教えてもらった！上手く乗るのが難しい！
normal	暑すぎて頭がクラクラしちゃう・・・。熱中症にならないように気を付けよ！
normal	アメリカの良いところは、知らない人でも目が合えば微笑んでくれる。
normal	海外では、自己主張しないと受け入れて貰えない！ちゃんと言葉で伝えないと、わからないよ！
normal	初めてアポロシアターに来た！ここから多くのスターが生まれたんだね！
normal	ビデオ通話で日本のお母さんと話した！インターネットさえあれば、どこにいても連絡が取れて便利！
normal	最近は同性婚が認められたりして、海外の方が、同性愛に寛容だよね！色んな愛の形があって良いと思う！
normal	アメリカでは、デーティング期間と言って、恋人になる前の『お試し期間』があるみたい！この期間では、複数の男女と遊んでもOKみたい！
normal	漠然と将来について考えることがある。今勉強していることが、将来どんな役に立つんだろう。
normal	海外で日本の骨董品を見かけた。海を渡って旅をするのは、人だけじゃないんだね！
normal	夏の予定を考えるだけで、楽しい気持ちになるね！
normal	もうすぐ夏だね！水着買わなきゃ！
normal	勉強だけじゃなくて、海外に行けば、日本じゃできない体験も沢山できる。
normal	時々、自分の将来を見つめる。不安なことも多いけど、やりたいことや目標もたくさんある。今日も前を向いて歩こう。
normal	綺麗なお花を観て幸せな気持ちになるのは、万国共通なのかな。
normal	もっと世界に羽ばたきたい！
normal	お醤油持って行けば、海外でも日本の味を楽しめそう！ 
normal	留学前や留学中に不安なことがあったら、留学センターのスタッフに相談に乗ってもらおう！精神的な面でも、ある程度はサポートして貰えるよ！
normal	山は空気が綺麗で美味しい！都会では味わえない経験。
normal	まだ缶バッジ残ってるので、ぜひ貰いに来て下さいね！
normal	海外留学先で出来たお友達とも、何となくでも、コミュニケーションが取れるようになると楽しい。
normal	最近少しずつ暖かくなってきた。もう夏かなぁ〜。
normal	日本だけで生きるより、外国に出ると素敵な音楽に沢山出会える。
normal	まだまだ外国語の本は私には難しいみたい。教えられながら読んでもさっぱり・・・。
normal	外国語が理解できるようになってくると、自分の世界が広がったような気がしてくる。
normal	海外で出来たお友達に、色々教えてもらう。その場所での過ごし方だったり、流行っているもののことだったり。そんな毎日が楽しい！
normal	言語を学ぶ以外にも、海外で学ぶことは多い。
normal	海外に行くと、日本にいる以上に、毎日驚くことが沢山あります！
normal	海外でお友達ができたら、一緒に買い物に行きたい！ 
normal	外国の方に道を尋ねられたら、ちゃんと教えてあげられるようになりたい。
normal	オランダでチューリップが見たい！
normal	英語の地図が読めるようになるまで、道に迷って大変でした。
normal	今日は天気が良かったなぁ〜。
normal	海外で知ってる音楽に出会うと嬉しい！お友達も、とっても喜んでた！
normal	上手くコミュニケーションが取れないと、やっぱりつらい・・・。
normal	留学先で出来たお友達。きっとこの思い出は、日本に帰っても忘れない。
normal	悔しさをバネに頑張ろうと思った。あの日のことを、私は忘れない。
normal	イタリアに行って、素敵な街並みを観るのが夢です。
normal	今日はGW最終日！皆さんは何をして過ごしていますか？
normal	沢山の荷物と夢を詰め込んだ鞄を持って、私はまだ見ぬ地へと旅に出る。
normal	今日も暑かった・・・。
normal	不安や心配もあるけど、早く新しい発見をしてみたいという好奇心に背中を押される。
normal	海外に行ったら、自分が少し成長した気になれた。
normal	海外で知り合いが出来ると、初めて出来た友達のように嬉しい。
normal	海外海外のお金に慣れるまで、 ずっとお札しか使わず、小銭が溜まっていく。
normal	海外の食べ物に慣れるのには、少し時間がかかる。
normal	伝えようとする気持ちが大切。
normal	海外でどんな料理を食べても、やっぱり日本食が一番好き。
normal	目的を持って、始めて勉強はやる気が出る。
normal	留学先で出来た友達との別れが辛い。
normal	観光もいいけど、たまにはのんびりするのもいいな。
normal	街で猫に会うだけでも感動する。
normal	一人で海外に行ってみて、初めて両親の有り難みがわかった。
normal	オーストラリアに行って、コアラとカンガルーが見たい。
normal	最も効率良く語学を勉強する方法は、外国語しか話せない恋人を作ることだと思う。
normal	言語は手段であって、目的ではない。目的を明確にした方が、言語の勉強は捗る。
normal	外国に来て初めて、日本との文化の違いを知る。ネットやテレビだけで見ていても、分からないことは沢山あった。
normal	だんだん喋っていることが分かるようになってくると、来てよかったなって思う。
normal	将来は、海外で働いてみたい。
normal	学生の頃に日本だけで生きるか、外国に一度でも行くかでは、その後の価値観は変わると思う。
normal	どの国に行ってみたいですか？
normal	外国語を覚えようと思ったら、誰も日本語が喋れない環境に身を置くのが一番だと思う。
normal	外国語が分からなくても、ジェスチャーでだいたい通じる。
normal	外国語を学ぶという目的以外の理由でも、海外留学に行く子は多い。
normal	現地での買い物で店員さんが話しかけてくれた。私は拙い英語で、店員さんは私が聞き取りやすいように、ゆっくりめの英語で会話した。コミュニケーションって言語の堪能さよりも、お互いの話したいっていう気持ちなんだなぁと思った。
normal	留学って異世界への旅立ちみたい。
normal	留学することで、今まで知らなかった世界を知って、視野が広がると思う。
normal	知らない世界へと旅立つ不安は、いずれ自信となる。
normal	留学してみたい。でも、向こうの文化や人に馴染めるのか不安で仕方ない。
normal	海外にホームステイしたいと言った。今のあなたには無理だと言われた。私は自分を変えるために行きたかったのよ。
normal	外国人の素敵な男性と結婚するのが夢です。
normal	もし、好きになった人が外国人だったら、その人の為に外国語を覚えるでしょう？
normal	独りで外国に行くことは、怖いと思う反面、好奇心が私の背中を押す。
normal	この狭い日本じゃ、私の夢は語れない。
normal	そろそろ日本から出てみたい。
normal	海外のお友達とか、出来たら良いな。
normal	誰も知り合いのいない国に行ってみたい。
normal	外国語が話せると、世界の見え方も変わるのかしら？
